{
  "epoch": [
    1,
    2,
    3,
    4,
    5,
    6,
    7,
    8,
    9,
    10,
    11,
    12,
    13,
    14,
    15,
    16,
    17,
    18,
    19,
    20,
    21,
    22,
    23,
    24,
    25,
    26,
    27,
    28,
    29,
    30,
    31,
    32,
    33,
    34,
    35,
    36,
    37,
    38,
    39,
    40,
    41,
    42,
    43,
    44,
    45,
    46,
    47,
    48,
    49,
    50,
    51,
    52,
    53,
    54,
    55,
    56,
    57,
    58,
    59,
    60,
    61,
    62,
    63,
    64,
    65,
    66,
    67,
    68,
    69,
    70
  ],
  "train/box_loss": [
    1.17647,
    1.1574,
    1.17669,
    1.15051,
    1.10554,
    1.05544,
    1.02513,
    0.99363,
    0.97648,
    0.95404,
    0.94973,
    0.92751,
    0.91417,
    0.89933,
    0.87848,
    0.87682,
    0.85177,
    0.84678,
    0.83738,
    0.83202,
    0.81536,
    0.81404,
    0.80604,
    0.78821,
    0.79715,
    0.78817,
    0.776,
    0.77382,
    0.76156,
    0.75087,
    0.74765,
    0.74309,
    0.73604,
    0.7211,
    0.71613,
    0.70963,
    0.70263,
    0.70587,
    0.70148,
    0.69516,
    0.68855,
    0.68124,
    0.67454,
    0.67146,
    0.6662,
    0.65835,
    0.64677,
    0.64078,
    0.64659,
    0.63829,
    0.62845,
    0.6259,
    0.62529,
    0.61231,
    0.60448,
    0.60223,
    0.59729,
    0.59841,
    0.58939,
    0.57688,
    0.55666,
    0.54619,
    0.53551,
    0.52712,
    0.52451,
    0.51572,
    0.51132,
    0.50626,
    0.49998,
    0.4936
  ],
  "train/cls_loss": [
    2.52399,
    1.76105,
    1.63303,
    1.49848,
    1.35755,
    1.214,
    1.13423,
    1.06092,
    0.98752,
    0.96531,
    0.92401,
    0.87081,
    0.8354,
    0.81961,
    0.79244,
    0.77718,
    0.74235,
    0.72064,
    0.69713,
    0.70284,
    0.67676,
    0.65996,
    0.64999,
    0.637,
    0.63435,
    0.61439,
    0.59957,
    0.58974,
    0.57863,
    0.57673,
    0.55453,
    0.55787,
    0.54833,
    0.53322,
    0.5234,
    0.51566,
    0.51362,
    0.50841,
    0.50333,
    0.49288,
    0.48792,
    0.48441,
    0.47631,
    0.47257,
    0.45955,
    0.45171,
    0.44286,
    0.43787,
    0.44316,
    0.43113,
    0.41686,
    0.4247,
    0.42211,
    0.40875,
    0.39988,
    0.39546,
    0.39332,
    0.39064,
    0.38591,
    0.37874,
    0.32046,
    0.3103,
    0.30154,
    0.2981,
    0.29578,
    0.28806,
    0.28564,
    0.27856,
    0.27391,
    0.27417
  ],
  "train/dfl_loss": [
    1.33337,
    1.33164,
    1.34599,
    1.32096,
    1.29605,
    1.26636,
    1.24059,
    1.22095,
    1.20931,
    1.19772,
    1.18834,
    1.17749,
    1.16391,
    1.15906,
    1.14972,
    1.13969,
    1.12802,
    1.1263,
    1.11611,
    1.12198,
    1.10611,
    1.10246,
    1.09952,
    1.09577,
    1.09034,
    1.08543,
    1.07917,
    1.07919,
    1.07235,
    1.06181,
    1.0623,
    1.06046,
    1.05961,
    1.05545,
    1.04911,
    1.04191,
    1.03926,
    1.03981,
    1.04062,
    1.03286,
    1.03263,
    1.02712,
    1.02488,
    1.02153,
    1.01691,
    1.01237,
    1.00746,
    0.99873,
    1.00636,
    1.00901,
    0.9936,
    0.99492,
    0.99151,
    0.98906,
    0.98537,
    0.98172,
    0.97922,
    0.98589,
    0.97596,
    0.9705,
    0.95029,
    0.94105,
    0.93693,
    0.93394,
    0.93134,
    0.93017,
    0.92429,
    0.92103,
    0.91519,
    0.91363
  ],
  "metrics/precision(B)": [
    0.48871,
    0.50314,
    0.45445,
    0.54223,
    0.5052,
    0.56259,
    0.6999,
    0.62078,
    0.46689,
    0.67672,
    0.69842,
    0.68495,
    0.67469,
    0.66719,
    0.66609,
    0.66853,
    0.73011,
    0.72372,
    0.73347,
    0.75965,
    0.71556,
    0.71745,
    0.72887,
    0.74954,
    0.75241,
    0.8013,
    0.73822,
    0.7351,
    0.71754,
    0.77564,
    0.79043,
    0.73495,
    0.7258,
    0.75983,
    0.75149,
    0.77434,
    0.76077,
    0.7576,
    0.80227,
    0.76628,
    0.7567,
    0.74008,
    0.73414,
    0.77217,
    0.77013,
    0.75867,
    0.75927,
    0.75748,
    0.76052,
    0.74756,
    0.78306,
    0.76905,
    0.71836,
    0.72976,
    0.74632,
    0.7538,
    0.77071,
    0.79031,
    0.7741,
    0.75619,
    0.79322,
    0.78865,
    0.76918,
    0.76399,
    0.79802,
    0.76468,
    0.75599,
    0.78395,
    0.75981,
    0.77951
  ],
  "metrics/recall(B)": [
    0.24574,
    0.25918,
    0.3605,
    0.3775,
    0.38877,
    0.46164,
    0.48465,
    0.5279,
    0.50225,
    0.52128,
    0.50155,
    0.53913,
    0.56883,
    0.54976,
    0.58457,
    0.55832,
    0.58119,
    0.58369,
    0.55782,
    0.57401,
    0.58079,
    0.61013,
    0.60232,
    0.64121,
    0.59025,
    0.60041,
    0.60415,
    0.62492,
    0.62317,
    0.61171,
    0.62851,
    0.62945,
    0.62949,
    0.61319,
    0.61542,
    0.6264,
    0.65411,
    0.63816,
    0.62332,
    0.63991,
    0.6278,
    0.66402,
    0.65447,
    0.64838,
    0.65533,
    0.65831,
    0.66347,
    0.64404,
    0.66046,
    0.6758,
    0.63228,
    0.65523,
    0.68009,
    0.67061,
    0.67794,
    0.6784,
    0.64807,
    0.63308,
    0.6498,
    0.66741,
    0.63697,
    0.63574,
    0.64856,
    0.66956,
    0.63617,
    0.66128,
    0.66189,
    0.64508,
    0.67128,
    0.66101
  ],
  "metrics/mAP50(B)": [
    0.24124,
    0.25902,
    0.32847,
    0.40186,
    0.3932,
    0.47152,
    0.54883,
    0.56275,
    0.48538,
    0.57719,
    0.5894,
    0.59905,
    0.6156,
    0.59305,
    0.60626,
    0.61346,
    0.62329,
    0.6274,
    0.64069,
    0.63594,
    0.63804,
    0.63421,
    0.64723,
    0.65334,
    0.63703,
    0.66964,
    0.63784,
    0.67165,
    0.6487,
    0.6697,
    0.67467,
    0.66889,
    0.68015,
    0.6748,
    0.6655,
    0.69273,
    0.6823,
    0.67469,
    0.70284,
    0.69854,
    0.67626,
    0.69682,
    0.68014,
    0.71719,
    0.71198,
    0.7091,
    0.70582,
    0.68932,
    0.71961,
    0.70134,
    0.70041,
    0.70936,
    0.69954,
    0.70891,
    0.71021,
    0.72356,
    0.7067,
    0.7127,
    0.7029,
    0.70259,
    0.70113,
    0.71832,
    0.70128,
    0.704,
    0.71483,
    0.71622,
    0.71558,
    0.71163,
    0.70793,
    0.71317
  ],
  "metrics/mAP50-95(B)": [
    0.15684,
    0.16058,
    0.19687,
    0.25281,
    0.24454,
    0.30852,
    0.37106,
    0.38048,
    0.32,
    0.38695,
    0.39722,
    0.4069,
    0.40864,
    0.40438,
    0.41023,
    0.42234,
    0.43926,
    0.442,
    0.44812,
    0.44319,
    0.44023,
    0.43819,
    0.45094,
    0.46005,
    0.44309,
    0.47187,
    0.45206,
    0.47769,
    0.45898,
    0.47481,
    0.48052,
    0.47869,
    0.49103,
    0.48866,
    0.48143,
    0.49705,
    0.48974,
    0.48177,
    0.50783,
    0.50115,
    0.48499,
    0.50365,
    0.48608,
    0.51381,
    0.51651,
    0.51095,
    0.50468,
    0.49764,
    0.52369,
    0.50312,
    0.51131,
    0.51697,
    0.51514,
    0.51647,
    0.5167,
    0.52958,
    0.51966,
    0.5245,
    0.51896,
    0.52155,
    0.5204,
    0.53228,
    0.51761,
    0.5227,
    0.52722,
    0.52916,
    0.52827,
    0.52604,
    0.52416,
    0.52689
  ]
}